Workbook

Sheet Agent Master Data
A1: PRODUCER ONBOARDING TRACKER — Agent Master Data
A2: Agent ID | B2: Agent Name | C2: Agency | D2: State | E2: Tier | F2: Application Date | G2: Status | H2: License Expiry | I2: Days to Expiry | J2: BG Check | K2: Processing Days | L2: Rejection Reason | M2: Notes
A3: AGT-1001 | B3: Tyler Davis | C3: Premier Risk Partners | D3: CT | E3: Tier 3 | F3: 45760 | G3: Under Review | H3: 46092 | I3: =DATEDIF(TODAY(),H3,"D") | J3: Pending
A4: AGT-1002 | B4: Fatima Johnson | C4: Apex Insurance Group | D4: NJ | E4: Tier 1 | F4: 45741 | G4: Active | H4: 46625 | I4: =DATEDIF(TODAY(),H4,"D") | J4: Passed | K4: 40
A5: AGT-1003 | B5: Marcus Robinson | C5: Summit Coverage LLC | D5: PA | E5: Tier 2 | F5: 45829 | G5: Active | H5: 46094 | I5: =DATEDIF(TODAY(),H5,"D") | J5: Pending | K5: 15 | M5: Awaiting license copy
A6: AGT-1004 | B6: Tyler Jones | C6: Premier Risk Partners | D6: CA | E6: Tier 1 | F6: 45945 | G6: Rejected | H6: 46073 | I6: =DATEDIF(TODAY(),H6,"D") | J6: Passed | K6: 30 | L6: Background Failed
A7: AGT-1005 | B7: Sofia Martinez | C7: Apex Insurance Group | D7: FL | E7: Tier 3 | F7: 45893 | G7: Under Review | H7: 46434 | I7: =DATEDIF(TODAY(),H7,"D") | J7: Passed
A8: AGT-1006 | B8: Derek Rodriguez | C8: Atlantic Agents Co | D8: OH | E8: Tier 1 | F8: 45894 | G8: Applied | H8: 46632 | I8: =DATEDIF(TODAY(),H8,"D") | J8: Passed | M8: Priority enrollment
A9: AGT-1007 | B9: Trevor Wilson | C9: Midwest Brokers LLC | D9: PA | E9: Tier 1 | F9: 46052 | G9: Applied | H9: 46744 | I9: =DATEDIF(TODAY(),H9,"D") | J9: Passed | M9: Follow up needed
A10: AGT-1008 | B10: Mei Thomas | C10: Premier Risk Partners | D10: MA | E10: Tier 3 | F10: 45945 | G10: Active | H10: 46717 | I10: =DATEDIF(TODAY(),H10,"D") | J10: Passed | K10: 13 | M10: Priority enrollment
A11: AGT-1009 | B11: Sandra Robinson | C11: Premier Risk Partners | D11: CT | E11: Tier 2 | F11: 45756 | G11: Applied | H11: 46690 | I11: =DATEDIF(TODAY(),H11,"D") | J11: Pending | M11: Follow up needed
A12: AGT-1010 | B12: Aisha Anderson | C12: Apex Insurance Group | D12: PA | E12: Tier 1 | F12: 45949 | G12: Terminated | H12: 46722 | I12: =DATEDIF(TODAY(),H12,"D") | J12: Pending | K12: 38
A13: AGT-1011 | B13: Rosa Clark | C13: Atlantic Agents Co | D13: PA | E13: Tier 3 | F13: 45882 | G13: Pending Docs | H13: 46134 | I13: =DATEDIF(TODAY(),H13,"D") | J13: Passed | M13: Follow up needed
A14: AGT-1012 | B14: Tyler Jones | C14: Premier Risk Partners | D14: IL | E14: Tier 3 | F14: 45885 | G14: Terminated | H14: 46725 | I14: =DATEDIF(TODAY(),H14,"D") | J14: Failed | K14: 12
A15: AGT-1013 | B15: Aisha Jones | C15: Nexus Insurance | D15: FL | E15: Tier 1 | F15: 45788 | G15: Active | H15: 46664 | I15: =DATEDIF(TODAY(),H15,"D") | J15: Failed | K15: 26
A16: AGT-1014 | B16: Olga White | C16: United Producers | D16: NJ | E16: Tier 2 | F16: 46031 | G16: Under Review | H16: 46709 | I16: =DATEDIF(TODAY(),H16,"D") | J16: Passed | M16: Follow up needed
A17: AGT-1015 | B17: Anita Smith | C17: Midwest Brokers LLC | D17: IL | E17: Tier 2 | F17: 45782 | G17: Active | H17: 46608 | I17: =DATEDIF(TODAY(),H17,"D") | J17: Passed | K17: 38 | M17: Priority enrollment
A18: AGT-1016 | B18: Sandra Harris | C18: Apex Insurance Group | D18: MA | E18: Tier 3 | F18: 45913 | G18: Under Review | H18: 46367 | I18: =DATEDIF(TODAY(),H18,"D") | J18: Failed
A19: AGT-1017 | B19: Derek Thompson | C19: United Producers | D19: PA | E19: Tier 1 | F19: 45828 | G19: Terminated | H19: 46175 | I19: =DATEDIF(TODAY(),H19,"D") | J19: Pending | K19: 22
A20: AGT-1018 | B20: Carlos Martin | C20: Apex Insurance Group | D20: NJ | E20: Tier 2 | F20: 46005 | G20: Active | H20: 46610 | I20: =DATEDIF(TODAY(),H20,"D") | J20: Passed | K20: 41
A21: AGT-1019 | B21: David Williams | C21: Heritage Brokerage | D21: NJ | E21: Tier 3 | F21: 45965 | G21: Applied | H21: 46313 | I21: =DATEDIF(TODAY(),H21,"D") | J21: Pending
A22: AGT-1020 | B22: Tyler Thompson | C22: United Producers | D22: TX | E22: Tier 1 | F22: 46022 | G22: Active | H22: 46553 | I22: =DATEDIF(TODAY(),H22,"D") | J22: Pending | K22: 13 | M22: Awaiting license copy
A23: AGT-1021 | B23: John Thomas | C23: Heritage Brokerage | D23: IL | E23: Tier 2 | F23: 45734 | G23: Under Review | H23: 46797 | I23: =DATEDIF(TODAY(),H23,"D") | J23: Passed
A24: AGT-1022 | B24: James Clark | C24: Nexus Insurance | D24: PA | E24: Tier 3 | F24: 45961 | G24: Under Review | H24: 46132 | I24: =DATEDIF(TODAY(),H24,"D") | J24: Passed
A25: AGT-1023 | B25: Maria Davis | C25: Midwest Brokers LLC | D25: NY | E25: Tier 2 | F25: 46084 | G25: Applied | H25: 46791 | I25: =DATEDIF(TODAY(),H25,"D") | J25: Pending
A26: AGT-1024 | B26: Lauren Miller | C26: Nexus Insurance | D26: CT | E26: Tier 3 | F26: 45824 | G26: Under Review | H26: 46352 | I26: =DATEDIF(TODAY(),H26,"D") | J26: Pending | M26: Awaiting license copy
A27: AGT-1025 | B27: Omar Brown | C27: Midwest Brokers LLC | D27: TX | E27: Tier 2 | F27: 45792 | G27: Active | H27: 46315 | I27: =DATEDIF(TODAY(),H27,"D") | J27: Failed | K27: 29 | M27: Follow up needed
A28: AGT-1026 | B28: Eric Brown | C28: Apex Insurance Group | D28: TX | E28: Tier 3 | F28: 45877 | G28: Active | H28: 46813 | I28: =DATEDIF(TODAY(),H28,"D") | J28: Passed | K28: 44
A29: AGT-1027 | B29: Yuki Harris | C29: BlueSky Agency | D29: TX | E29: Tier 1 | F29: 46032 | G29: Under Review | H29: 46263 | I29: =DATEDIF(TODAY(),H29,"D") | J29: Passed
A30: AGT-1028 | B30: Olga Robinson | C30: Midwest Brokers LLC | D30: NY | E30: Tier 3 | F30: 45851 | G30: Under Review | H30: 46144 | I30: =DATEDIF(TODAY(),H30,"D") | J30: Failed | M30: Awaiting license copy
A31: AGT-1029 | B31: Fatima Martin | C31: Heritage Brokerage | D31: PA | E31: Tier 2 | F31: 46080 | G31: Applied | H31: 46309 | I31: =DATEDIF(TODAY(),H31,"D") | J31: Passed
A32: AGT-1030 | B32: Rosa Harris | C32: Cornerstone Insurance | D32: TX | E32: Tier 3 | F32: 46003 | G32: Active | H32: 46069 | I32: =DATEDIF(TODAY(),H32,"D") | J32: Failed | K32: 19 | M32: Priority enrollment

Sheet KPI Dashboard
A1: PRODUCER ONBOARDING TRACKER — KPI Dashboard
A3: 📊 Agent Status Summary
A4: Total Agents | B4: Active | C4: Under Review | D4: Pending Docs | E4: Applied | F4: Rejected | G4: Terminated
A5: =COUNTA('Agent Master Data'!A3:A32) | B5: =COUNTIF('Agent Master Data'!G3:G32,"Active") | C5: =COUNTIF('Agent Master Data'!G3:G32,"Under Review") | D5: =COUNTIF('Agent Master Data'!G3:G32,"Pending Docs") | E5: =COUNTIF('Agent Master Data'!G3:G32,"Applied") | F5: =COUNTIF('Agent Master Data'!G3:G32,"Rejected") | G5: =COUNTIF('Agent Master Data'!G3:G32,"Terminated")
A7: ⚡ Performance KPIs
A8: Avg Processing Days | B8: Rejection Rate | C8: BG Check Pass Rate | D8: License Expiring <30d
A9: =AVERAGEIF('Agent Master Data'!K3:K32,">0",'Agent Master Data'!K3:K32) | B9: =COUNTIF('Agent Master Data'!G3:G32,"Rejected")/COUNTA('Agent Master Data'!A3:A32) | C9: =COUNTIF('Agent Master Data'!J3:J32,"Passed")/COUNTA('Agent Master Data'!A3:A32) | D9: =COUNTIFS('Agent Master Data'!I3:I32,">="&0,'Agent Master Data'!I3:I32,"<="&29)
A11: 📋 Status Breakdown by Tier
A12: Tier | B12: Active | C12: Under Review / Pending | D12: Rejected / Terminated | E12: Total
A13: Tier 1 | B13: =COUNTIFS('Agent Master Data'!E3:E32,"Tier 1",'Agent Master Data'!G3:G32,"Active") | C13: =COUNTIFS('Agent Master Data'!E3:E32,"Tier 1",'Agent Master Data'!G3:G32,"Under Review")+COUNTIFS('Agent Master Data'!E3:E32,"Tier 1",'Agent Master Data'!G3:G32,"Pending Docs") | D13: =COUNTIFS('Agent Master Data'!E3:E32,"Tier 1",'Agent Master Data'!G3:G32,"Rejected")+COUNTIFS('Agent Master Data'!E3:E32,"Tier 1",'Agent Master Data'!G3:G32,"Terminated") | E13: =COUNTIF('Agent Master Data'!E3:E32,"Tier 1")
A14: Tier 2 | B14: =COUNTIFS('Agent Master Data'!E3:E32,"Tier 2",'Agent Master Data'!G3:G32,"Active") | C14: =COUNTIFS('Agent Master Data'!E3:E32,"Tier 2",'Agent Master Data'!G3:G32,"Under Review")+COUNTIFS('Agent Master Data'!E3:E32,"Tier 2",'Agent Master Data'!G3:G32,"Pending Docs") | D14: =COUNTIFS('Agent Master Data'!E3:E32,"Tier 2",'Agent Master Data'!G3:G32,"Rejected")+COUNTIFS('Agent Master Data'!E3:E32,"Tier 2",'Agent Master Data'!G3:G32,"Terminated") | E14: =COUNTIF('Agent Master Data'!E3:E32,"Tier 2")
A15: Tier 3 | B15: =COUNTIFS('Agent Master Data'!E3:E32,"Tier 3",'Agent Master Data'!G3:G32,"Active") | C15: =COUNTIFS('Agent Master Data'!E3:E32,"Tier 3",'Agent Master Data'!G3:G32,"Under Review")+COUNTIFS('Agent Master Data'!E3:E32,"Tier 3",'Agent Master Data'!G3:G32,"Pending Docs") | D15: =COUNTIFS('Agent Master Data'!E3:E32,"Tier 3",'Agent Master Data'!G3:G32,"Rejected")+COUNTIFS('Agent Master Data'!E3:E32,"Tier 3",'Agent Master Data'!G3:G32,"Terminated") | E15: =COUNTIF('Agent Master Data'!E3:E32,"Tier 3")

Sheet License Expiry Alerts
A1: LICENSE EXPIRY ALERTS — Auto-Flagged from Agent Master Data
A2: Agent ID | B2: Agent Name | C2: Agency | D2: State | E2: License Expiry | F2: Days to Expiry | G2: Alert Level | I2: ALERT SUMMARY
A3: AGT-1030 | B3: Rosa Harris | C3: Cornerstone Insurance | D3: TX | E3: 46069 | F3: -28 | G3: ⛔ EXPIRED | I3: ⛔ Expired | K3: 2
A4: AGT-1003 | B4: Marcus Robinson | C4: Summit Coverage LLC | D4: PA | E4: 46094 | F4: -3 | G4: ⛔ EXPIRED | I4: 🔴 Critical (<30d) | K4: 0
A5: AGT-1025 | B5: Omar Brown | C5: Midwest Brokers LLC | D5: TX | E5: 46315 | F5: 218 | G5: 🟢 OK (>90d) | I5: 🟡 Warning (30-90d) | K5: 0
A6: AGT-1020 | B6: Tyler Thompson | C6: United Producers | D6: TX | E6: 46553 | F6: 456 | G6: 🟢 OK (>90d) | I6: 🟢 OK (>90d) | K6: 8
A7: AGT-1015 | B7: Anita Smith | C7: Midwest Brokers LLC | D7: IL | E7: 46608 | F7: 511 | G7: 🟢 OK (>90d)
A8: AGT-1018 | B8: Carlos Martin | C8: Apex Insurance Group | D8: NJ | E8: 46610 | F8: 513 | G8: 🟢 OK (>90d)
A9: AGT-1002 | B9: Fatima Johnson | C9: Apex Insurance Group | D9: NJ | E9: 46625 | F9: 528 | G9: 🟢 OK (>90d)
A10: AGT-1013 | B10: Aisha Jones | C10: Nexus Insurance | D10: FL | E10: 46664 | F10: 567 | G10: 🟢 OK (>90d)
A11: AGT-1008 | B11: Mei Thomas | C11: Premier Risk Partners | D11: MA | E11: 46717 | F11: 620 | G11: 🟢 OK (>90d)
A12: AGT-1026 | B12: Eric Brown | C12: Apex Insurance Group | D12: TX | E12: 46813 | F12: 716 | G12: 🟢 OK (>90d)

Sheet BG Check Tracker
A1: BACKGROUND CHECK TRACKER — Producer Onboarding
A2: Agent ID | B2: Agent Name | C2: Agency | D2: State | E2: Tier | F2: App Date | G2: BG Check Status | H2: Action Required | J2: BG CHECK SUMMARY
A3: AGT-1012 | B3: Tyler Jones | C3: Premier Risk Partners | D3: IL | E3: Tier 3 | F3: 45885 | G3: Failed | H3: 🚨 Escalate to Manager | J3: ✅ Passed | L3: 15
A4: AGT-1013 | B4: Aisha Jones | C4: Nexus Insurance | D4: FL | E4: Tier 1 | F4: 45788 | G4: Failed | H4: 🚨 Escalate to Manager | J4: ⏳ Pending | L4: 9
A5: AGT-1016 | B5: Sandra Harris | C5: Apex Insurance Group | D5: MA | E5: Tier 3 | F5: 45913 | G5: Failed | H5: 🚨 Escalate to Manager | J5: 🚨 Failed | L5: 6
A6: AGT-1025 | B6: Omar Brown | C6: Midwest Brokers LLC | D6: TX | E6: Tier 2 | F6: 45792 | G6: Failed | H6: 🚨 Escalate to Manager | J6: Pass Rate | L6: 50.0%
A7: AGT-1028 | B7: Olga Robinson | C7: Midwest Brokers LLC | D7: NY | E7: Tier 3 | F7: 45851 | G7: Failed | H7: 🚨 Escalate to Manager
A8: AGT-1030 | B8: Rosa Harris | C8: Cornerstone Insurance | D8: TX | E8: Tier 3 | F8: 46003 | G8: Failed | H8: 🚨 Escalate to Manager
A9: AGT-1001 | B9: Tyler Davis | C9: Premier Risk Partners | D9: CT | E9: Tier 3 | F9: 45760 | G9: Pending | H9: ⏳ Follow Up Required
A10: AGT-1003 | B10: Marcus Robinson | C10: Summit Coverage LLC | D10: PA | E10: Tier 2 | F10: 45829 | G10: Pending | H10: ⏳ Follow Up Required
A11: AGT-1009 | B11: Sandra Robinson | C11: Premier Risk Partners | D11: CT | E11: Tier 2 | F11: 45756 | G11: Pending | H11: ⏳ Follow Up Required
A12: AGT-1010 | B12: Aisha Anderson | C12: Apex Insurance Group | D12: PA | E12: Tier 1 | F12: 45949 | G12: Pending | H12: ⏳ Follow Up Required
A13: AGT-1017 | B13: Derek Thompson | C13: United Producers | D13: PA | E13: Tier 1 | F13: 45828 | G13: Pending | H13: ⏳ Follow Up Required
A14: AGT-1019 | B14: David Williams | C14: Heritage Brokerage | D14: NJ | E14: Tier 3 | F14: 45965 | G14: Pending | H14: ⏳ Follow Up Required
A15: AGT-1020 | B15: Tyler Thompson | C15: United Producers | D15: TX | E15: Tier 1 | F15: 46022 | G15: Pending | H15: ⏳ Follow Up Required
A16: AGT-1023 | B16: Maria Davis | C16: Midwest Brokers LLC | D16: NY | E16: Tier 2 | F16: 46084 | G16: Pending | H16: ⏳ Follow Up Required
A17: AGT-1024 | B17: Lauren Miller | C17: Nexus Insurance | D17: CT | E17: Tier 3 | F17: 45824 | G17: Pending | H17: ⏳ Follow Up Required
A18: AGT-1002 | B18: Fatima Johnson | C18: Apex Insurance Group | D18: NJ | E18: Tier 1 | F18: 45741 | G18: Passed | H18: ✅ No Action Needed
... A32: AGT-1029 | B32: Fatima Martin | C32: Heritage Brokerage | D32: PA | E32: Tier 2 | F32: 46080 | G32: Passed | H32: ✅ No Action Needed

Sheet Legend & Instructions
A1: LEGEND & INSTRUCTIONS
A2: STATUS MEANINGS
A3: Status | B3: Color | C3: Meaning
A4: Applied | B4: Blue | C4: New application received, initial review pending
A5: Under Review | B5: Amber | C5: Application being reviewed by Producer Services team
A6: Pending Docs | B6: Orange | C6: Awaiting required documentation from applicant
A7: Active | B7: Green | C7: Producer fully onboarded and approved
A8: Rejected | B8: Red | C8: Application rejected — see Rejection Reason column
A9: Terminated | B9: Gray | C9: Previously active producer, now terminated
A11: LICENSE EXPIRY COLOR CODES
A12: Alert Level | B12: Color | C12: Action
A13: EXPIRED | B13: Red/Gray | C13: License expired — immediate action required
A14: Critical (<30 days) | B14: Red | C14: Urgent renewal — escalate to manager
A15: Warning (30-90 days) | B15: Amber | C15: Renewal reminder — contact agent
A16: OK (>90 days) | B16: Green | C16: No immediate action required
A18: BACKGROUND CHECK CODES
A19: Status | B19: Color | C19: Action Required
A20: Passed | B20: Green | C20: No action needed — proceed with onboarding
A21: Pending | B21: Amber | C21: Follow up with agent or vendor
A22: Failed | B22: Red | C22: Escalate to manager immediately
